{
  "project_info": {
    "project_number": "1010877260655",
    "project_id": "product-catalog-73051",
    "storage_bucket": "product-catalog-73051.appspot.com"
  },
  "client": [
    {
      "client_info": {
        "mobilesdk_app_id": "1:1010877260655:android:0602f3be89115695dabe9a",
        "android_client_info": {
          "package_name": "com.example.lab5"
        }
      },
      "oauth_client": [],
      "api_key": [
        {
          "current_key": "AIzaSyDPrXiedtEpeD4edgGcZUzWK8jflRa0Xj4"
        }
      ],
      "services": {
        "appinvite_service": {
          "other_platform_oauth_client": []
        }
      }
    }
  ],
  "configuration_version": "1"
}